{
  "generatedAt": "2025-12-22T18:14:54.729102+00:00Z",
  "schema": "groups.v1",
  "groups": [
    {
      "id": "almbahn",
      "name": "Ehrwalder Alm",
      "aliases": [
        "Ehrwalder Alm",
        "almbahn",
        "ehrwalder",
        "ehrwalder alm",
        "ehrwalder-alm"
      ]
    },
    {
      "id": "alpenbahnen-spitzingsee",
      "name": "Spitzingsee - Tegernsee",
      "aliases": [
        "Spitzingsee - Tegernsee",
        "alpenbahnen-spitzingsee",
        "spitzingsee",
        "spitzingsee - tegernsee",
        "spitzingsee-tegernsee",
        "tegernsee"
      ]
    },
    {
      "id": "amberglift",
      "name": "Amberglift Walchsee",
      "aliases": [
        "Amberglift Walchsee",
        "amberglift",
        "amberglift walchsee",
        "amberglift-walchsee",
        "walchsee"
      ]
    },
    {
      "id": "axamer-lizum",
      "name": "Axamer Lizum",
      "aliases": [
        "Axamer Lizum",
        "axamer",
        "axamer lizum",
        "axamer-lizum",
        "lizum"
      ]
    },
    {
      "id": "bergbahn-pillersee",
      "name": "Buchensteinwand - Pillersee",
      "aliases": [
        "Buchensteinwand - Pillersee",
        "bergbahn-pillersee",
        "buchensteinwand",
        "buchensteinwand - pillersee",
        "buchensteinwand-pillersee",
        "pillersee"
      ]
    },
    {
      "id": "bergbahnen-koessen",
      "name": "Hochkössen (Unterberghorn)",
      "aliases": [
        "Hochkössen (Unterberghorn)",
        "bergbahnen-koessen",
        "hochkossen-unterberghorn",
        "hochkössen",
        "hochkössen unterberghorn",
        "unterberghorn"
      ]
    },
    {
      "id": "bergbahnen-langes",
      "name": "Lermoos - Grubigstein",
      "aliases": [
        "Lermoos - Grubigstein",
        "bergbahnen-langes",
        "grubigstein",
        "lermoos",
        "lermoos - grubigstein",
        "lermoos-grubigstein"
      ]
    },
    {
      "id": "bergbahnen-stjohann",
      "name": "St. Johann in Tirol - Oberndorf",
      "aliases": [
        "St. Johann in Tirol - Oberndorf",
        "bergbahnen-stjohann",
        "johann",
        "oberndorf",
        "st johann in tirol - oberndorf",
        "st-johann-in-tirol-oberndorf",
        "tirol"
      ]
    },
    {
      "id": "bergeralm",
      "name": "Bergeralm",
      "aliases": [
        "Bergeralm",
        "bergeralm"
      ]
    },
    {
      "id": "bergwelt-hahnenkamm",
      "name": "Bergwelt Hahnenkamm",
      "aliases": [
        "Bergwelt Hahnenkamm",
        "bergwelt",
        "bergwelt hahnenkamm",
        "bergwelt-hahnenkamm",
        "hahnenkamm"
      ]
    },
    {
      "id": "berwang",
      "name": "Berwang",
      "aliases": [
        "Berwang",
        "berwang"
      ]
    },
    {
      "id": "brauneck-bergbahn",
      "name": "Brauneck - Lenggries",
      "aliases": [
        "Brauneck - Lenggries",
        "brauneck",
        "brauneck - lenggries",
        "brauneck-bergbahn",
        "brauneck-lenggries",
        "lenggries"
      ]
    },
    {
      "id": "christlum",
      "name": "Hochalmlifte Christlum - Achenkirch",
      "aliases": [
        "Hochalmlifte Christlum - Achenkirch",
        "achenkirch",
        "christlum",
        "hochalmlifte",
        "hochalmlifte christlum - achenkirch",
        "hochalmlifte-christlum-achenkirch"
      ]
    },
    {
      "id": "dachstein-salzkammergut",
      "name": "Obertraun - Dachstein Krippenstein",
      "aliases": [
        "Obertraun - Dachstein Krippenstein",
        "dachstein",
        "dachstein-salzkammergut",
        "krippenstein",
        "obertraun",
        "obertraun - dachstein krippenstein",
        "obertraun-dachstein-krippenstein"
      ]
    },
    {
      "id": "dietauplitz",
      "name": "Tauplitz/Bad Mitterndorf",
      "aliases": [
        "Tauplitz/Bad Mitterndorf",
        "dietauplitz",
        "mitterndorf",
        "tauplitzbad",
        "tauplitzbad mitterndorf",
        "tauplitzbad-mitterndorf"
      ]
    },
    {
      "id": "galsterberg",
      "name": "Galsterberg",
      "aliases": [
        "Galsterberg",
        "galsterberg"
      ]
    },
    {
      "id": "gerlitzen",
      "name": "Gerlitzen Alpe",
      "aliases": [
        "Gerlitzen Alpe",
        "alpe",
        "gerlitzen",
        "gerlitzen alpe",
        "gerlitzen-alpe"
      ]
    },
    {
      "id": "gg-resort",
      "name": "Großglockner Resort Kals-Matrei",
      "aliases": [
        "Großglockner Resort Kals-Matrei",
        "gg-resort",
        "großglockner",
        "großglockner resort kals-matrei",
        "großglockner-resort-kals-matrei",
        "kals",
        "matrei",
        "resort"
      ]
    },
    {
      "id": "glungezerbahn",
      "name": "Glungezer - Tulfes",
      "aliases": [
        "Glungezer - Tulfes",
        "glungezer",
        "glungezer - tulfes",
        "glungezer-tulfes",
        "glungezerbahn",
        "tulfes"
      ]
    },
    {
      "id": "grebenzen",
      "name": "Grebenzen - St. Lambrecht",
      "aliases": [
        "Grebenzen - St. Lambrecht",
        "grebenzen",
        "grebenzen - st lambrecht",
        "grebenzen-st-lambrecht",
        "lambrecht"
      ]
    },
    {
      "id": "grosseck-speiereck",
      "name": "St. Michael - Großeck-Speiereck",
      "aliases": [
        "St. Michael - Großeck-Speiereck",
        "grosseck-speiereck",
        "großeck",
        "michael",
        "speiereck",
        "st michael - großeck-speiereck",
        "st-michael-großeck-speiereck"
      ]
    },
    {
      "id": "gurgl",
      "name": "Obergurgl-Hochgurgl",
      "aliases": [
        "Obergurgl-Hochgurgl",
        "gurgl",
        "hochgurgl",
        "obergurgl",
        "obergurgl-hochgurgl"
      ]
    },
    {
      "id": "hauser-kaibling",
      "name": "Hauser Kaibling",
      "aliases": [
        "Hauser Kaibling",
        "hauser",
        "hauser kaibling",
        "hauser-kaibling",
        "kaibling"
      ]
    },
    {
      "id": "heiligenblut",
      "name": "Heiligenblut - Großglockner",
      "aliases": [
        "Heiligenblut - Großglockner",
        "großglockner",
        "heiligenblut",
        "heiligenblut - großglockner",
        "heiligenblut-großglockner"
      ]
    },
    {
      "id": "hinterstoder",
      "name": "Hinterstoder - Höss",
      "aliases": [
        "Hinterstoder - Höss",
        "hinterstoder",
        "hinterstoder - höss",
        "hinterstoder-hoss",
        "höss"
      ]
    },
    {
      "id": "hintertuxergletscher",
      "name": "Eggalmbahnen",
      "aliases": [
        "Eggalmbahnen",
        "eggalmbahnen",
        "hintertuxergletscher"
      ]
    },
    {
      "id": "hiwu",
      "name": "Wurzeralm - Spital am Pyhrn",
      "aliases": [
        "Wurzeralm - Spital am Pyhrn",
        "hiwu",
        "pyhrn",
        "spital",
        "wurzeralm",
        "wurzeralm - spital am pyhrn",
        "wurzeralm-spital-am-pyhrn"
      ]
    },
    {
      "id": "hochf-gen",
      "name": "Hochfügen",
      "aliases": [
        "Hochfügen",
        "hochf-gen",
        "hochfugen",
        "hochfügen"
      ]
    },
    {
      "id": "hochficht",
      "name": "Hochficht (Böhmerwald)",
      "aliases": [
        "Hochficht (Böhmerwald)",
        "böhmerwald",
        "hochficht",
        "hochficht böhmerwald",
        "hochficht-bohmerwald"
      ]
    },
    {
      "id": "hochkoenig",
      "name": "Hochkönig - Maria Alm/Dienten/Mühlbach",
      "aliases": [
        "Hochkönig - Maria Alm/Dienten/Mühlbach",
        "almdientenmühlbach",
        "hochkoenig",
        "hochkonig-maria-almdientenmuhlbach",
        "hochkönig",
        "hochkönig - maria almdientenmühlbach",
        "maria"
      ]
    },
    {
      "id": "hochpustertal-ski",
      "name": "Skizentrum Sillian/ Hochpustertal",
      "aliases": [
        "Skizentrum Sillian/ Hochpustertal",
        "hochpustertal",
        "hochpustertal-ski",
        "sillian",
        "skizentrum",
        "skizentrum sillian hochpustertal",
        "skizentrum-sillian-hochpustertal"
      ]
    },
    {
      "id": "hochzeiger",
      "name": "Hochzeiger - Jerzens Pitztal",
      "aliases": [
        "Hochzeiger - Jerzens Pitztal",
        "hochzeiger",
        "hochzeiger - jerzens pitztal",
        "hochzeiger-jerzens-pitztal",
        "jerzens",
        "pitztal"
      ]
    },
    {
      "id": "hochzillertal-kaltenbach",
      "name": "Hochzillertal-Kaltenbach",
      "aliases": [
        "Hochzillertal-Kaltenbach",
        "hochzillertal",
        "hochzillertal-kaltenbach",
        "kaltenbach"
      ]
    },
    {
      "id": "huettegglift",
      "name": "Hüttegglift Weerberg",
      "aliases": [
        "Hüttegglift Weerberg",
        "huettegglift",
        "huttegglift-weerberg",
        "hüttegglift",
        "hüttegglift weerberg",
        "weerberg"
      ]
    },
    {
      "id": "imster-bergbahnen",
      "name": "Imst - Hochimst",
      "aliases": [
        "Imst - Hochimst",
        "hochimst",
        "imst",
        "imst - hochimst",
        "imst-hochimst",
        "imster-bergbahnen"
      ]
    },
    {
      "id": "ischgl",
      "name": "Ischgl - Silvretta Arena",
      "aliases": [
        "Ischgl - Silvretta Arena",
        "arena",
        "ischgl",
        "ischgl - silvretta arena",
        "ischgl-silvretta-arena",
        "silvretta"
      ]
    },
    {
      "id": "jennerbahn",
      "name": "Jenner - Königssee",
      "aliases": [
        "Jenner - Königssee",
        "jenner",
        "jenner - königssee",
        "jenner-konigssee",
        "jennerbahn",
        "königssee"
      ]
    },
    {
      "id": "jimdofree",
      "name": "Dorfberg Kartitsch",
      "aliases": [
        "Dorfberg Kartitsch",
        "dorfberg",
        "dorfberg kartitsch",
        "dorfberg-kartitsch",
        "jimdofree",
        "kartitsch"
      ]
    },
    {
      "id": "kappl",
      "name": "Kappl",
      "aliases": [
        "Kappl",
        "kappl"
      ]
    },
    {
      "id": "karwendel-bergbahn",
      "name": "Karwendel-Bergbahn - Pertisau",
      "aliases": [
        "Karwendel-Bergbahn - Pertisau",
        "bergbahn",
        "karwendel",
        "karwendel-bergbahn",
        "karwendel-bergbahn - pertisau",
        "karwendel-bergbahn-pertisau",
        "pertisau"
      ]
    },
    {
      "id": "kasberg",
      "name": "Kasberg - Grünau im Almtal",
      "aliases": [
        "Kasberg - Grünau im Almtal",
        "almtal",
        "grünau",
        "kasberg",
        "kasberg - grünau im almtal",
        "kasberg-grunau-im-almtal"
      ]
    },
    {
      "id": "katschberg",
      "name": "Katschberg/Aineck",
      "aliases": [
        "Katschberg/Aineck",
        "katschberg",
        "katschbergaineck"
      ]
    },
    {
      "id": "katzenkopf-leutasch",
      "name": "Katzenkopf Leutasch",
      "aliases": [
        "Katzenkopf Leutasch",
        "katzenkopf",
        "katzenkopf leutasch",
        "katzenkopf-leutasch",
        "leutasch"
      ]
    },
    {
      "id": "kaunertal",
      "name": "Fendels - Ried - Prutz",
      "aliases": [
        "Fendels - Ried - Prutz",
        "fendels",
        "fendels - ried - prutz",
        "fendels-ried-prutz",
        "kaunertal",
        "prutz",
        "ried"
      ]
    },
    {
      "id": "kaunertaler-gletscher",
      "name": "Kaunertaler Gletscher",
      "aliases": [
        "Kaunertaler Gletscher",
        "gletscher",
        "kaunertaler",
        "kaunertaler gletscher",
        "kaunertaler-gletscher"
      ]
    },
    {
      "id": "kellerjochbahn",
      "name": "Kellerjochbahn Schwaz-Pill",
      "aliases": [
        "Kellerjochbahn Schwaz-Pill",
        "kellerjochbahn",
        "kellerjochbahn schwaz-pill",
        "kellerjochbahn-schwaz-pill",
        "pill",
        "schwaz"
      ]
    },
    {
      "id": "kitzski",
      "name": "Kitzbühel",
      "aliases": [
        "Kitzbühel",
        "kitzbuhel",
        "kitzbühel",
        "kitzski"
      ]
    },
    {
      "id": "kitzsteinhorn",
      "name": "Kaprun - Kitzsteinhorn (Gletscher)",
      "aliases": [
        "Kaprun - Kitzsteinhorn (Gletscher)",
        "gletscher",
        "kaprun",
        "kaprun - kitzsteinhorn gletscher",
        "kaprun-kitzsteinhorn-gletscher",
        "kitzsteinhorn"
      ]
    },
    {
      "id": "knitteltirol",
      "name": "Skilifte Knittel",
      "aliases": [
        "Skilifte Knittel",
        "knittel",
        "knitteltirol",
        "skilifte",
        "skilifte knittel",
        "skilifte-knittel"
      ]
    },
    {
      "id": "kolsassberglift",
      "name": "Kolsassberg",
      "aliases": [
        "Kolsassberg",
        "kolsassberg",
        "kolsassberglift"
      ]
    },
    {
      "id": "kreischberg",
      "name": "Kreischberg",
      "aliases": [
        "Kreischberg",
        "kreischberg"
      ]
    },
    {
      "id": "kuehtai",
      "name": "Kühtai",
      "aliases": [
        "Kühtai",
        "kuehtai",
        "kuhtai",
        "kühtai"
      ]
    },
    {
      "id": "lachtal",
      "name": "Lachtal",
      "aliases": [
        "Lachtal",
        "lachtal"
      ]
    },
    {
      "id": "laerchenhof-tirol",
      "name": "Skilifte Lärchenhof",
      "aliases": [
        "Skilifte Lärchenhof",
        "laerchenhof-tirol",
        "lärchenhof",
        "skilifte",
        "skilifte lärchenhof",
        "skilifte-larchenhof"
      ]
    },
    {
      "id": "lechtaler-bergbahnen",
      "name": "Jöchelspitze Lechtal",
      "aliases": [
        "Jöchelspitze Lechtal",
        "jochelspitze-lechtal",
        "jöchelspitze",
        "jöchelspitze lechtal",
        "lechtal",
        "lechtaler-bergbahnen"
      ]
    },
    {
      "id": "lienzer-bergbahnen",
      "name": "Lienz Zettersfeld Hochstein",
      "aliases": [
        "Lienz Zettersfeld Hochstein",
        "hochstein",
        "lienz",
        "lienz zettersfeld hochstein",
        "lienz-zettersfeld-hochstein",
        "lienzer-bergbahnen",
        "zettersfeld"
      ]
    },
    {
      "id": "loser",
      "name": "Loser - Altaussee",
      "aliases": [
        "Loser - Altaussee",
        "altaussee",
        "loser",
        "loser - altaussee",
        "loser-altaussee"
      ]
    },
    {
      "id": "mayrhofner-bergbahnen",
      "name": "Mayrhofen - Penken/Ahorn",
      "aliases": [
        "Mayrhofen - Penken/Ahorn",
        "mayrhofen",
        "mayrhofen - penkenahorn",
        "mayrhofen-penkenahorn",
        "mayrhofner-bergbahnen",
        "penkenahorn"
      ]
    },
    {
      "id": "mittersill",
      "name": "Mittersill - Paß Thurn - Kitzbühel",
      "aliases": [
        "Mittersill - Paß Thurn - Kitzbühel",
        "kitzbühel",
        "mittersill",
        "mittersill - paß thurn - kitzbühel",
        "mittersill-paß-thurn-kitzbuhel",
        "thurn"
      ]
    },
    {
      "id": "moelltaler-gletscher",
      "name": "Mölltaler Gletscher",
      "aliases": [
        "Mölltaler Gletscher",
        "gletscher",
        "moelltaler-gletscher",
        "molltaler-gletscher",
        "mölltaler",
        "mölltaler gletscher"
      ]
    },
    {
      "id": "muttereralm",
      "name": "Muttereralm - Nockspitzbahn",
      "aliases": [
        "Muttereralm - Nockspitzbahn",
        "muttereralm",
        "muttereralm - nockspitzbahn",
        "muttereralm-nockspitzbahn",
        "nockspitzbahn"
      ]
    },
    {
      "id": "nassfeld",
      "name": "Nassfeld - Hermagor",
      "aliases": [
        "Nassfeld - Hermagor",
        "hermagor",
        "nassfeld",
        "nassfeld - hermagor",
        "nassfeld-hermagor"
      ]
    },
    {
      "id": "nauders",
      "name": "Nauders - Bergkastel",
      "aliases": [
        "Nauders - Bergkastel",
        "bergkastel",
        "nauders",
        "nauders - bergkastel",
        "nauders-bergkastel"
      ]
    },
    {
      "id": "nordkette",
      "name": "Nordkette - Innsbruck",
      "aliases": [
        "Nordkette - Innsbruck",
        "innsbruck",
        "nordkette",
        "nordkette - innsbruck",
        "nordkette-innsbruck"
      ]
    },
    {
      "id": "obertauern",
      "name": "Obertauern",
      "aliases": [
        "Obertauern",
        "obertauern"
      ]
    },
    {
      "id": "obertilliacher-bergbahnen",
      "name": "Obertilliacher Bergbahnen",
      "aliases": [
        "Obertilliacher Bergbahnen",
        "bergbahnen",
        "obertilliacher",
        "obertilliacher bergbahnen",
        "obertilliacher-bergbahnen"
      ]
    },
    {
      "id": "oetz",
      "name": "Hochoetz - Oetz",
      "aliases": [
        "Hochoetz - Oetz",
        "hochoetz",
        "hochoetz - oetz",
        "hochoetz-oetz",
        "oetz"
      ]
    },
    {
      "id": "oetztal",
      "name": "Umhausen",
      "aliases": [
        "Umhausen",
        "oetztal",
        "umhausen"
      ]
    },
    {
      "id": "ok-bergbahnen",
      "name": "Oberstdorf - Nebelhorn",
      "aliases": [
        "Oberstdorf - Nebelhorn",
        "nebelhorn",
        "oberstdorf",
        "oberstdorf - nebelhorn",
        "oberstdorf-nebelhorn",
        "ok-bergbahnen"
      ]
    },
    {
      "id": "patscherkofelbahn",
      "name": "Patscherkofel",
      "aliases": [
        "Patscherkofel",
        "patscherkofel",
        "patscherkofelbahn"
      ]
    },
    {
      "id": "pitztaler-gletscher",
      "name": "Pitztaler Gletscher - Rifflsee",
      "aliases": [
        "Pitztaler Gletscher - Rifflsee",
        "gletscher",
        "pitztaler",
        "pitztaler gletscher - rifflsee",
        "pitztaler-gletscher",
        "pitztaler-gletscher-rifflsee",
        "rifflsee"
      ]
    },
    {
      "id": "planai",
      "name": "Hochwurzen",
      "aliases": [
        "Hochwurzen",
        "hochwurzen",
        "planai"
      ]
    },
    {
      "id": "planneralm",
      "name": "Planneralm",
      "aliases": [
        "Planneralm",
        "planneralm"
      ]
    },
    {
      "id": "praebichl",
      "name": "Präbichl",
      "aliases": [
        "Präbichl",
        "prabichl",
        "praebichl",
        "präbichl"
      ]
    },
    {
      "id": "radstadt-altenmarkt",
      "name": "Radstadt/Altenmarkt",
      "aliases": [
        "Radstadt/Altenmarkt",
        "radstadt-altenmarkt",
        "radstadtaltenmarkt"
      ]
    },
    {
      "id": "rangger-koepfl",
      "name": "Rangger Köpfl",
      "aliases": [
        "Rangger Köpfl",
        "köpfl",
        "rangger",
        "rangger köpfl",
        "rangger-koepfl",
        "rangger-kopfl"
      ]
    },
    {
      "id": "reiteralm",
      "name": "Reiteralm",
      "aliases": [
        "Reiteralm",
        "reiteralm"
      ]
    },
    {
      "id": "riesneralm",
      "name": "Riesneralm - Donnersbachwald",
      "aliases": [
        "Riesneralm - Donnersbachwald",
        "donnersbachwald",
        "riesneralm",
        "riesneralm - donnersbachwald",
        "riesneralm-donnersbachwald"
      ]
    },
    {
      "id": "rittisberg",
      "name": "Ramsau am Dachstein - Rittisberg",
      "aliases": [
        "Ramsau am Dachstein - Rittisberg",
        "dachstein",
        "ramsau",
        "ramsau am dachstein - rittisberg",
        "ramsau-am-dachstein-rittisberg",
        "rittisberg"
      ]
    },
    {
      "id": "rofanseilbahn",
      "name": "Rofan Seilbahn - Maurach",
      "aliases": [
        "Rofan Seilbahn - Maurach",
        "maurach",
        "rofan",
        "rofan seilbahn - maurach",
        "rofan-seilbahn-maurach",
        "rofanseilbahn",
        "seilbahn"
      ]
    },
    {
      "id": "rosshuette",
      "name": "Seefeld - Rosshütte",
      "aliases": [
        "Seefeld - Rosshütte",
        "rosshuette",
        "rosshütte",
        "seefeld",
        "seefeld - rosshütte",
        "seefeld-rosshutte"
      ]
    },
    {
      "id": "schmitten",
      "name": "Zell am See - Schmittenhöhe",
      "aliases": [
        "Zell am See - Schmittenhöhe",
        "schmitten",
        "schmittenhöhe",
        "zell",
        "zell am see - schmittenhöhe",
        "zell-am-see-schmittenhohe"
      ]
    },
    {
      "id": "schneeberglifte",
      "name": "Schneeberglifte Thiersee",
      "aliases": [
        "Schneeberglifte Thiersee",
        "schneeberglifte",
        "schneeberglifte thiersee",
        "schneeberglifte-thiersee",
        "thiersee"
      ]
    },
    {
      "id": "see",
      "name": "See im Paznaun",
      "aliases": [
        "See im Paznaun",
        "paznaun",
        "see",
        "see im paznaun",
        "see-im-paznaun"
      ]
    },
    {
      "id": "serfaus-fiss-ladis",
      "name": "Serfaus-Fiss-Ladis",
      "aliases": [
        "Serfaus-Fiss-Ladis",
        "fiss",
        "ladis",
        "serfaus",
        "serfaus-fiss-ladis"
      ]
    },
    {
      "id": "shuttleberg",
      "name": "Kleinarl - Shuttleberg",
      "aliases": [
        "Kleinarl - Shuttleberg",
        "kleinarl",
        "kleinarl - shuttleberg",
        "kleinarl-shuttleberg",
        "shuttleberg"
      ]
    },
    {
      "id": "silvapark",
      "name": "Galtür - Silvapark",
      "aliases": [
        "Galtür - Silvapark",
        "galtur-silvapark",
        "galtür",
        "galtür - silvapark",
        "silvapark"
      ]
    },
    {
      "id": "silvretta-montafon",
      "name": "Silvretta Montafon",
      "aliases": [
        "Silvretta Montafon",
        "montafon",
        "silvretta",
        "silvretta montafon",
        "silvretta-montafon"
      ]
    },
    {
      "id": "skiamade",
      "name": "Ski Amadé",
      "aliases": [
        "Ski Amadé",
        "amadé",
        "ski amadé",
        "ski-amade",
        "skiamade"
      ]
    },
    {
      "id": "skicircus",
      "name": "Skicircus Saalbach Hinterglemm Leogang Fieberbrunn",
      "aliases": [
        "Skicircus Saalbach Hinterglemm Leogang Fieberbrunn",
        "fieberbrunn",
        "hinterglemm",
        "leogang",
        "saalbach",
        "skicircus",
        "skicircus saalbach hinterglemm leogang fieberbrunn",
        "skicircus-saalbach-hinterglemm-leogang-fieberbrunn"
      ]
    },
    {
      "id": "skigastein",
      "name": "Sportgastein",
      "aliases": [
        "Sportgastein",
        "skigastein",
        "sportgastein"
      ]
    },
    {
      "id": "skigebiet-seefeld",
      "name": "Gschwandtkopflifte",
      "aliases": [
        "Gschwandtkopflifte",
        "gschwandtkopflifte",
        "skigebiet-seefeld"
      ]
    },
    {
      "id": "skijuwel",
      "name": "Ski Juwel Alpbachtal Wildschönau",
      "aliases": [
        "Ski Juwel Alpbachtal Wildschönau",
        "alpbachtal",
        "juwel",
        "ski juwel alpbachtal wildschönau",
        "ski-juwel-alpbachtal-wildschonau",
        "skijuwel",
        "wildschönau"
      ]
    },
    {
      "id": "skisport",
      "name": "Kössen",
      "aliases": [
        "Kössen",
        "kossen",
        "kössen",
        "skisport"
      ]
    },
    {
      "id": "skiwelt",
      "name": "SkiWelt Wilder Kaiser – Brixental",
      "aliases": [
        "SkiWelt Wilder Kaiser – Brixental",
        "brixental",
        "kaiser",
        "skiwelt",
        "skiwelt wilder kaiser brixental",
        "skiwelt-wilder-kaiser-brixental",
        "wilder"
      ]
    },
    {
      "id": "snow-space-salzburg",
      "name": "Snow Space Salzburg",
      "aliases": [
        "Snow Space Salzburg",
        "salzburg",
        "snow",
        "snow space salzburg",
        "snow-space-salzburg",
        "space"
      ]
    },
    {
      "id": "soelden",
      "name": "Sölden (Rettenbach/Tiefenbach)",
      "aliases": [
        "Sölden (Rettenbach/Tiefenbach)",
        "rettenbachtiefenbach",
        "soelden",
        "solden-rettenbachtiefenbach",
        "sölden",
        "sölden rettenbachtiefenbach"
      ]
    },
    {
      "id": "spieljochbahn-f-gen",
      "name": "Spieljochbahn Fügen",
      "aliases": [
        "Spieljochbahn Fügen",
        "fügen",
        "spieljochbahn",
        "spieljochbahn fügen",
        "spieljochbahn-f-gen",
        "spieljochbahn-fugen"
      ]
    },
    {
      "id": "sportberg-goldeck",
      "name": "Goldeck - Spittal/Drau",
      "aliases": [
        "Goldeck - Spittal/Drau",
        "goldeck",
        "goldeck - spittaldrau",
        "goldeck-spittaldrau",
        "spittaldrau",
        "sportberg-goldeck"
      ]
    },
    {
      "id": "steinplatte",
      "name": "Steinplatte - Waidring",
      "aliases": [
        "Steinplatte - Waidring",
        "steinplatte",
        "steinplatte - waidring",
        "steinplatte-waidring",
        "waidring"
      ]
    },
    {
      "id": "stjakob-ski",
      "name": "St. Jakob im Defereggental - Brunnalm",
      "aliases": [
        "St. Jakob im Defereggental - Brunnalm",
        "brunnalm",
        "defereggental",
        "jakob",
        "st jakob im defereggental - brunnalm",
        "st-jakob-im-defereggental-brunnalm",
        "stjakob-ski"
      ]
    },
    {
      "id": "stubai",
      "name": "Schlick 2000",
      "aliases": [
        "2000",
        "Schlick 2000",
        "schlick",
        "schlick 2000",
        "schlick-2000",
        "stubai"
      ]
    },
    {
      "id": "stubaier-gletscher",
      "name": "Stubaier Gletscher",
      "aliases": [
        "Stubaier Gletscher",
        "gletscher",
        "stubaier",
        "stubaier gletscher",
        "stubaier-gletscher"
      ]
    },
    {
      "id": "sudelfeld",
      "name": "Sudelfeld - Bayrischzell",
      "aliases": [
        "Sudelfeld - Bayrischzell",
        "bayrischzell",
        "sudelfeld",
        "sudelfeld - bayrischzell",
        "sudelfeld-bayrischzell"
      ]
    },
    {
      "id": "tannheimer-bergbahnen",
      "name": "Neunerköpfle - Tannheim",
      "aliases": [
        "Neunerköpfle - Tannheim",
        "neunerkopfle-tannheim",
        "neunerköpfle",
        "neunerköpfle - tannheim",
        "tannheim",
        "tannheimer-bergbahnen"
      ]
    },
    {
      "id": "tirol",
      "name": "Bichllifte Prägraten",
      "aliases": [
        "Bichllifte Prägraten",
        "bichllifte",
        "bichllifte prägraten",
        "bichllifte-pragraten",
        "prägraten",
        "tirol"
      ]
    },
    {
      "id": "tirolina",
      "name": "Tirolina - Ski-,Sport-, und Aktivberg Thiersee",
      "aliases": [
        "Tirolina - Ski-,Sport-, und Aktivberg Thiersee",
        "aktivberg",
        "sport",
        "thiersee",
        "tirolina",
        "tirolina - ski-sport- und aktivberg thiersee",
        "tirolina-ski-sport-und-aktivberg-thiersee"
      ]
    },
    {
      "id": "turracherhoehe",
      "name": "Turracher Höhe (Kärnten/Steiermark)",
      "aliases": [
        "Turracher Höhe (Kärnten/Steiermark)",
        "höhe",
        "kärntensteiermark",
        "turracher",
        "turracher höhe kärntensteiermark",
        "turracher-hohe-karntensteiermark",
        "turracherhoehe"
      ]
    },
    {
      "id": "venet",
      "name": "Venet - Zams/Fließ",
      "aliases": [
        "Venet - Zams/Fließ",
        "venet",
        "venet - zamsfließ",
        "venet-zamsfließ",
        "zamsfließ"
      ]
    },
    {
      "id": "vent",
      "name": "Venter Seilbahnen",
      "aliases": [
        "Venter Seilbahnen",
        "seilbahnen",
        "vent",
        "venter",
        "venter seilbahnen",
        "venter-seilbahnen"
      ]
    },
    {
      "id": "voegelsberg",
      "name": "Vögelsberg Aktivpark",
      "aliases": [
        "Vögelsberg Aktivpark",
        "aktivpark",
        "voegelsberg",
        "vogelsberg-aktivpark",
        "vögelsberg",
        "vögelsberg aktivpark"
      ]
    },
    {
      "id": "werfenweng",
      "name": "Werfenweng",
      "aliases": [
        "Werfenweng",
        "werfenweng"
      ]
    },
    {
      "id": "wetterstein-bahnen",
      "name": "Ehrwalder Wettersteinbahnen",
      "aliases": [
        "Ehrwalder Wettersteinbahnen",
        "ehrwalder",
        "ehrwalder wettersteinbahnen",
        "ehrwalder-wettersteinbahnen",
        "wetterstein-bahnen",
        "wettersteinbahnen"
      ]
    },
    {
      "id": "wildkogel-arena",
      "name": "Wildkogel Arena",
      "aliases": [
        "Wildkogel Arena",
        "arena",
        "wildkogel",
        "wildkogel arena",
        "wildkogel-arena"
      ]
    },
    {
      "id": "winklmoosalm",
      "name": "Winklmoosalm - Reit im Winkl",
      "aliases": [
        "Winklmoosalm - Reit im Winkl",
        "reit",
        "winkl",
        "winklmoosalm",
        "winklmoosalm - reit im winkl",
        "winklmoosalm-reit-im-winkl"
      ]
    },
    {
      "id": "yappys-winterland",
      "name": "Skilifte Kirchdorf",
      "aliases": [
        "Skilifte Kirchdorf",
        "kirchdorf",
        "skilifte",
        "skilifte kirchdorf",
        "skilifte-kirchdorf",
        "yappys-winterland"
      ]
    },
    {
      "id": "zauchensee",
      "name": "Zauchensee - Flachauwinkl",
      "aliases": [
        "Zauchensee - Flachauwinkl",
        "flachauwinkl",
        "zauchensee",
        "zauchensee - flachauwinkl",
        "zauchensee-flachauwinkl"
      ]
    },
    {
      "id": "zillertal-arena",
      "name": "Zillertal Arena",
      "aliases": [
        "Zillertal Arena",
        "arena",
        "zillertal",
        "zillertal arena",
        "zillertal-arena"
      ]
    },
    {
      "id": "zugspitzbahn",
      "name": "Tiroler Zugspitzbahn",
      "aliases": [
        "Tiroler Zugspitzbahn",
        "tiroler",
        "tiroler zugspitzbahn",
        "tiroler-zugspitzbahn",
        "zugspitzbahn"
      ]
    },
    {
      "id": "zugspitze",
      "name": "Zugspitze",
      "aliases": [
        "Zugspitze",
        "zugspitze"
      ]
    }
  ]
}